index	0	78.137813042	pip3r graphos --index --cwd /home/n4s5ti/Documents/dev/fl0sint-p1gate --json
drift	0	1.329697143	pip3r graphos --drift --cwd /home/n4s5ti/Documents/dev/fl0sint-p1gate --no-auto-index --json
blast-scrape_websites-up	0	.888683482	pip3r blast --cwd /home/n4s5ti/Documents/dev/fl0sint-p1gate --no-auto-index --json flowsint-enrichers/src/flowsint_enrichers/standalone.py:scrape_websites
blast-scrape_websites-down	0	.896100727	pip3r blast --cwd /home/n4s5ti/Documents/dev/fl0sint-p1gate --no-auto-index --json --direction downstream flowsint-enrichers/src/flowsint_enrichers/standalone.py:scrape_websites
blast-main-up	0	.898293540	pip3r blast --cwd /home/n4s5ti/Documents/dev/fl0sint-p1gate --no-auto-index --json flowsint-enrichers/src/flowsint_enrichers/standalone.py:main
blast-main-down	0	.937654035	pip3r blast --cwd /home/n4s5ti/Documents/dev/fl0sint-p1gate --no-auto-index --json --direction downstream flowsint-enrichers/src/flowsint_enrichers/standalone.py:main
blast-render_markdown_report-up	0	.924988287	pip3r blast --cwd /home/n4s5ti/Documents/dev/fl0sint-p1gate --no-auto-index --json flowsint-enrichers/src/flowsint_enrichers/standalone.py:render_markdown_report
blast-render_markdown_report-down	0	.921669831	pip3r blast --cwd /home/n4s5ti/Documents/dev/fl0sint-p1gate --no-auto-index --json --direction downstream flowsint-enrichers/src/flowsint_enrichers/standalone.py:render_markdown_report
blast-WebsiteTextExtractor-up	0	.914699181	pip3r blast --cwd /home/n4s5ti/Documents/dev/fl0sint-p1gate --no-auto-index --json flowsint-enrichers/src/flowsint_enrichers/website/text_extraction.py:WebsiteTextExtractor
blast-WebsiteTextExtractor-down	0	.977710088	pip3r blast --cwd /home/n4s5ti/Documents/dev/fl0sint-p1gate --no-auto-index --json --direction downstream flowsint-enrichers/src/flowsint_enrichers/website/text_extraction.py:WebsiteTextExtractor
blast-WebsiteToLinks-up	0	.888562288	pip3r blast --cwd /home/n4s5ti/Documents/dev/fl0sint-p1gate --no-auto-index --json flowsint-enrichers/src/flowsint_enrichers/website/to_links.py:WebsiteToLinks
blast-WebsiteToLinks-down	0	.971282634	pip3r blast --cwd /home/n4s5ti/Documents/dev/fl0sint-p1gate --no-auto-index --json --direction downstream flowsint-enrichers/src/flowsint_enrichers/website/to_links.py:WebsiteToLinks
blast-WebsiteToText-up	0	.874006775	pip3r blast --cwd /home/n4s5ti/Documents/dev/fl0sint-p1gate --no-auto-index --json flowsint-enrichers/src/flowsint_enrichers/website/to_text.py:WebsiteToText
blast-WebsiteToText-down	0	.913194130	pip3r blast --cwd /home/n4s5ti/Documents/dev/fl0sint-p1gate --no-auto-index --json --direction downstream flowsint-enrichers/src/flowsint_enrichers/website/to_text.py:WebsiteToText
blast-CaptureGraphRepository-up	0	.846998543	pip3r blast --cwd /home/n4s5ti/Documents/dev/fl0sint-p1gate --no-auto-index --json flowsint-core/src/flowsint_core/core/graph/capture_repository.py:CaptureGraphRepository
blast-CaptureGraphRepository-down	0	.957979374	pip3r blast --cwd /home/n4s5ti/Documents/dev/fl0sint-p1gate --no-auto-index --json --direction downstream flowsint-core/src/flowsint_core/core/graph/capture_repository.py:CaptureGraphRepository
blast-create_graph_service-up	0	.904681608	pip3r blast --cwd /home/n4s5ti/Documents/dev/fl0sint-p1gate --no-auto-index --json flowsint-core/src/flowsint_core/core/graph/service.py:create_graph_service
blast-create_graph_service-down	0	.894310212	pip3r blast --cwd /home/n4s5ti/Documents/dev/fl0sint-p1gate --no-auto-index --json --direction downstream flowsint-core/src/flowsint_core/core/graph/service.py:create_graph_service
doctor-hunt	0	1.933396871	pip3r doctor --cwd /home/n4s5ti/Documents/dev/fl0sint-p1gate --hunt --hunt-target /home/n4s5ti/Documents/dev/fl0sint-p1gate/scripts/release_smoke.py --json
drift-final	0	1.325968348	pip3r graphos --drift --cwd /home/n4s5ti/Documents/dev/fl0sint-p1gate --no-auto-index --json
